student_id,question_id,answer,time_spent,hints_used,submitted_at
stu_10,q1,float,37,0,2026-08-18T10:00:50
stu_2,q1,float,47,0,2026-08-18T10:00:57
stu_6,q1,float,20,0,2026-08-18T10:01:16
stu_10,q2,7,30,0,2026-08-18T10:01:29
stu_17,q2,7,35,0,2026-08-18T10:01:31
stu_15,q1,int,24,0,2026-08-18T10:01:41
stu_2,q2,7,42,0,2026-08-18T10:01:47
stu_30,q1,float,28,1,2026-08-18T10:01:47
stu_6,q2,7,23,0,2026-08-18T10:01:48
stu_14,q1,float,36,0,2026-08-18T10:01:59
stu_8,q1,float,29,0,2026-08-18T10:02:04
stu_25,q1,float,34,0,2026-08-18T10:02:06
stu_15,q2,7,31,0,2026-08-18T10:02:14
stu_11,q1,float,15,0,2026-08-18T10:02:15
stu_17,q3,7,37,0,2026-08-18T10:02:15
stu_30,q2,10,21,0,2026-08-18T10:02:16
stu_6,q3,7,31,0,2026-08-18T10:02:24
stu_8,q2,7,13,0,2026-08-18T10:02:25
stu_7,q1,float,47,0,2026-08-18T10:02:27
stu_14,q2,7,29,0,2026-08-18T10:02:33
stu_10,q3,7,58,0,2026-08-18T10:02:35
stu_30,q4,2nd_place,16,0,2026-08-18T10:02:35
stu_11,q2,7,24,0,2026-08-18T10:02:45
stu_6,q4,2nd_place,24,0,2026-08-18T10:02:51
stu_21,q1,float,20,0,2026-08-18T10:02:51
stu_25,q2,7,39,0,2026-08-18T10:02:51
stu_27,q1,float,24,0,2026-08-18T10:02:57
stu_28,q1,float,33,0,2026-08-18T10:03:01
stu_7,q2,7,30,0,2026-08-18T10:03:04
stu_22,q3,7,29,0,2026-08-18T10:03:06
stu_30,q5,6,26,0,2026-08-18T10:03:06
stu_17,q4,2nd_place,48,0,2026-08-18T10:03:08
stu_15,q3,7,58,0,2026-08-18T10:03:15
stu_6,q5,6,27,0,2026-08-18T10:03:20
stu_10,q4,2nd_place,41,0,2026-08-18T10:03:23
stu_8,q3,7,57,0,2026-08-18T10:03:24
stu_11,q3,7,35,0,2026-08-18T10:03:24
stu_23,q1,float,17,0,2026-08-18T10:03:24
stu_21,q2,7,29,0,2026-08-18T10:03:28
stu_14,q3,7,53,0,2026-08-18T10:03:31
stu_17,q5,6,22,0,2026-08-18T10:03:33
stu_4,q1,float,42,0,2026-08-18T10:03:43
stu_27,q2,7,47,0,2026-08-18T10:03:47
stu_28,q2,7,42,0,2026-08-18T10:03:51
stu_15,q4,2nd_place,35,0,2026-08-18T10:03:56
stu_22,q4,_count,46,0,2026-08-18T10:03:57
stu_6,q6,10,35,0,2026-08-18T10:04:02
stu_10,q5,6,40,0,2026-08-18T10:04:09
stu_2,q3,7,137,0,2026-08-18T10:04:10
stu_8,q4,total_marks,37,0,2026-08-18T10:04:10
stu_19,q1,float,40,0,2026-08-18T10:04:12
stu_11,q4,2nd_place,44,0,2026-08-18T10:04:13
stu_29,q1,float,28,0,2026-08-18T10:04:18
stu_14,q4,2nd_place,44,0,2026-08-18T10:04:19
stu_24,q1,float,32,0,2026-08-18T10:04:29
stu_17,q6,10,52,0,2026-08-18T10:04:30
stu_22,q5,6,31,0,2026-08-18T10:04:30
stu_25,q3,7,98,0,2026-08-18T10:04:32
stu_26,q1,float,62,0,2026-08-18T10:04:32
stu_30,q6,6,81,0,2026-08-18T10:04:35
stu_3,q1,float,16,0,2026-08-18T10:04:36
stu_6,q7,break,29,0,2026-08-18T10:04:36
stu_23,q2,10,63,0,2026-08-18T10:04:36
stu_7,q3,7,97,0,2026-08-18T10:04:43
stu_19,q2,7,30,0,2026-08-18T10:04:44
stu_27,q3,7,49,0,2026-08-18T10:04:45
stu_21,q3,7,77,0,2026-08-18T10:04:47
stu_4,q2,7,66,1,2026-08-18T10:04:51
stu_15,q5,8,49,0,2026-08-18T10:04:53
stu_29,q2,7,33,0,2026-08-18T10:04:54
stu_11,q5,6,35,0,2026-08-18T10:04:55
stu_2,q4,_count,49,0,2026-08-18T10:05:02
stu_14,q5,6,36,0,2026-08-18T10:05:04
stu_17,q7,break,33,0,2026-08-18T10:05:06
stu_25,q4,2nd_place,27,0,2026-08-18T10:05:08
stu_26,q2,7,33,0,2026-08-18T10:05:10
stu_24,q2,7,45,0,2026-08-18T10:05:20
stu_8,q5,6,62,0,2026-08-18T10:05:21
stu_6,q9,10,45,0,2026-08-18T10:05:23
stu_27,q4,2nd_place,31,0,2026-08-18T10:05:24
stu_4,q3,7,28,0,2026-08-18T10:05:25
stu_25,q5,6,14,0,2026-08-18T10:05:27
stu_28,q3,7,94,0,2026-08-18T10:05:28
stu_1,q1,float,34,0,2026-08-18T10:05:30
stu_3,q2,10,50,0,2026-08-18T10:05:30
stu_19,q3, 7 ,43,0,2026-08-18T10:05:32
stu_2,q5,6,29,1,2026-08-18T10:05:33
stu_7,q4,2nd_place,44,0,2026-08-18T10:05:36
stu_10,q6,10,86,0,2026-08-18T10:05:44
stu_21,q4,2nd_place,51,0,2026-08-18T10:05:45
stu_22,q6,10,68,0,2026-08-18T10:05:47
stu_29,q3,7,49,0,2026-08-18T10:05:51
stu_17,q9,10,42,0,2026-08-18T10:05:52
stu_14,q6, 10 ,47,0,2026-08-18T10:05:54
stu_12,q1,float,31,0,2026-08-18T10:05:55
stu_30,q7,skip,80,1,2026-08-18T10:05:59
stu_4,q4,2nd_place,31,0,2026-08-18T10:06:00
stu_25,q6,10,31,0,2026-08-18T10:06:00
stu_27,q5,6,27,0,2026-08-18T10:06:00
stu_6,q10,None,33,0,2026-08-18T10:06:03
stu_26,q3,7,47,0,2026-08-18T10:06:05
stu_19,q4,2nd_place,38,1,2026-08-18T10:06:12
stu_10,q7,break,28,0,2026-08-18T10:06:16
stu_22,q7,break,26,0,2026-08-18T10:06:16
stu_23,q3,7,95,1,2026-08-18T10:06:18
stu_5,q1,float,42,0,2026-08-18T10:06:22
stu_28,q4,2nd_place,45,0,2026-08-18T10:06:22
stu_15,q6,1234,85,0,2026-08-18T10:06:25
stu_17,q10,None,31,0,2026-08-18T10:06:25
stu_21,q5,6,36,0,2026-08-18T10:06:25
stu_14,q7,break,28,0,2026-08-18T10:06:26
stu_18,q1,float,26,0,2026-08-18T10:06:26
stu_24,q3,7,68,0,2026-08-18T10:06:31
stu_8,q6,10,68,0,2026-08-18T10:06:34
stu_1,q2,7,58,0,2026-08-18T10:06:35
stu_2,q6,10,57,0,2026-08-18T10:06:35
stu_25,q7,break,31,0,2026-08-18T10:06:35
stu_6,q11,4,31,0,2026-08-18T10:06:36
stu_27,q7,break,32,0,2026-08-18T10:06:36
stu_4,q5,6,31,0,2026-08-18T10:06:38
stu_29,q4,_count,43,0,2026-08-18T10:06:38
stu_7,q6,10,63,0,2026-08-18T10:06:42
stu_19,q5,6,32,1,2026-08-18T10:06:47
stu_26,q4,2nd_place,40,0,2026-08-18T10:06:48
stu_12,q2,7,50,1,2026-08-18T10:06:49
stu_16,q1,float,56,0,2026-08-18T10:06:50
stu_5,q2,7,24,0,2026-08-18T10:06:52
stu_22,q9,7,31,0,2026-08-18T10:06:52
stu_11,q6,1234,118,0,2026-08-18T10:06:56
stu_18,q2,7,30,0,2026-08-18T10:07:00
stu_21,q6,10,41,0,2026-08-18T10:07:08
stu_8,q7,break,27,0,2026-08-18T10:07:09
stu_26,q5,6,23,0,2026-08-18T10:07:15
stu_29,q5,6,31,0,2026-08-18T10:07:15
stu_7,q7,continue,31,0,2026-08-18T10:07:16
stu_17,q11,4,47,0,2026-08-18T10:07:17
stu_28,q5,6,50,0,2026-08-18T10:07:17
stu_24,q4,2nd_place,45,0,2026-08-18T10:07:20
stu_13,q1,float,59,0,2026-08-18T10:07:22
stu_2,q7,break,48,0,2026-08-18T10:07:31
stu_16,q2,7,41,0,2026-08-18T10:07:34
stu_23,q4,2nd_place,70,0,2026-08-18T10:07:37
stu_4,q6, 10 ,51,0,2026-08-18T10:07:38
stu_5,q3,7,41,0,2026-08-18T10:07:39
stu_15,q7,skip,70,0,2026-08-18T10:07:39
stu_1,q3,7,58,0,2026-08-18T10:07:40
stu_11,q7,break,41,0,2026-08-18T10:07:46
stu_13,q2,7,20,0,2026-08-18T10:07:49
stu_21,q7,break,35,0,2026-08-18T10:07:52
stu_3,q3,7,137,0,2026-08-18T10:07:54
stu_12,q3,7,59,0,2026-08-18T10:07:57
stu_28,q6,10,33,0,2026-08-18T10:07:59
stu_18,q3,7,52,0,2026-08-18T10:08:00
stu_29,q6,10,38,0,2026-08-18T10:08:00
stu_1,q4,2nd_place,17,0,2026-08-18T10:08:03
stu_8,q9,7,52,0,2026-08-18T10:08:03
stu_22,q10,None,65,0,2026-08-18T10:08:05
stu_24,q5,6,43,0,2026-08-18T10:08:12
stu_4,q7,break,34,0,2026-08-18T10:08:19
stu_23,q5,6,34,0,2026-08-18T10:08:20
stu_5,q4,2nd_place,42,0,2026-08-18T10:08:30
stu_26,q6,10,71,0,2026-08-18T10:08:30
stu_8,q10,None,27,0,2026-08-18T10:08:32
stu_3,q4,2nd_place,36,0,2026-08-18T10:08:36
stu_29,q7,break,31,0,2026-08-18T10:08:38
stu_28,q7,break,36,1,2026-08-18T10:08:41
stu_18,q4,userName,34,0,2026-08-18T10:08:43
stu_10,q8,"for i in range(2, 11, 2):
    print(i)",143,0,2026-08-18T10:08:44
stu_19,q6,10,111,0,2026-08-18T10:08:45
stu_12,q4,2nd_place,43,0,2026-08-18T10:08:46
stu_16,q3, 7 ,72,0,2026-08-18T10:08:52
stu_26,q7,break,13,0,2026-08-18T10:08:52
stu_2,q8,"for i in range(2, 11, 2):
    print(i)",80,0,2026-08-18T10:08:55
stu_22,q11,4,49,0,2026-08-18T10:08:57
stu_5,q5,6,27,0,2026-08-18T10:09:02
stu_18,q5,6,20,0,2026-08-18T10:09:08
stu_1,q6,10,64,0,2026-08-18T10:09:10
stu_10,q9,10,23,0,2026-08-18T10:09:11
stu_8,q11,4,39,1,2026-08-18T10:09:13
stu_16,q4,2nd_place,29,0,2026-08-18T10:09:26
stu_19,q7,break,37,0,2026-08-18T10:09:28
stu_5,q7,break,22,0,2026-08-18T10:09:32
stu_30,q8,"while i < 10:
    print(i)",215,0,2026-08-18T10:09:39
stu_10,q10,None,27,0,2026-08-18T10:09:40
stu_2,q9,10,40,0,2026-08-18T10:09:41
stu_18,q6,6,39,0,2026-08-18T10:09:54
stu_23,q6,1234,89,0,2026-08-18T10:09:56
stu_1,q7,break,46,0,2026-08-18T10:10:02
stu_3,q6,10,80,0,2026-08-18T10:10:02
stu_12,q5,7,67,0,2026-08-18T10:10:02
stu_24,q6, 10 ,111,0,2026-08-18T10:10:10
stu_16,q5,6,47,1,2026-08-18T10:10:15
stu_23,q7,break,16,0,2026-08-18T10:10:19
stu_13,q3,34,143,0,2026-08-18T10:10:21
stu_25,q8,"for i in range(2, 11, 2):
    print(i)",220,0,2026-08-18T10:10:22
stu_2,q10,None,40,0,2026-08-18T10:10:23
stu_18,q7,break,38,0,2026-08-18T10:10:37
stu_10,q11,4,50,0,2026-08-18T10:10:39
stu_24,q7,break,34,0,2026-08-18T10:10:46
stu_25,q9,10,26,0,2026-08-18T10:10:54
stu_13,q4,2nd_place,31,1,2026-08-18T10:11:00
stu_4,q8,"for i in range(2, 10, 2):
    print(i)",157,0,2026-08-18T10:11:01
stu_14,q8,"for i in range(2, 11, 2):
    print(i)",267,0,2026-08-18T10:11:01
stu_16,q6,10,48,0,2026-08-18T10:11:05
stu_30,q9,5,87,1,2026-08-18T10:11:11
stu_6,q12,"def is_even(n):
    return n % 2 == 0",270,0,2026-08-18T10:11:13
stu_3,q7,pass,67,0,2026-08-18T10:11:15
stu_12,q6,10,72,0,2026-08-18T10:11:23
stu_25,q10,None,29,0,2026-08-18T10:11:27
stu_27,q8,"for i in range(2, 11, 2):
    print(i)",287,0,2026-08-18T10:11:27
stu_4,q9,10,25,0,2026-08-18T10:11:29
stu_14,q9,10,24,0,2026-08-18T10:11:34
stu_26,q8,"for i in range(2, 11, 2):
    print(i)",161,0,2026-08-18T10:11:38
stu_11,q8,"for i in range(2, 11, 2):
    print(i)",232,0,2026-08-18T10:11:46
stu_30,q10,False,36,1,2026-08-18T10:11:56
stu_16,q7,skip,47,0,2026-08-18T10:11:57
stu_13,q5,6,52,0,2026-08-18T10:11:58
stu_27,q9,10,26,0,2026-08-18T10:12:02
stu_2,q11,4,100,0,2026-08-18T10:12:10
stu_26,q9,10,31,0,2026-08-18T10:12:12
stu_14,q10,0,35,0,2026-08-18T10:12:16
stu_19,q8,"for i in range(2, 11, 2):
    print(i)",160,0,2026-08-18T10:12:17
stu_4,q10,False,46,0,2026-08-18T10:12:18
stu_25,q11,4,54,0,2026-08-18T10:12:29
stu_27,q10,None,25,0,2026-08-18T10:12:29
stu_11,q9,10,43,0,2026-08-18T10:12:34
stu_12,q7,skip,66,0,2026-08-18T10:12:36
stu_8,q12,"def is_even(n):
    return n % 2 == 0",212,0,2026-08-18T10:12:51
stu_26,q10,None,39,0,2026-08-18T10:12:56
stu_14,q11,None,34,0,2026-08-18T10:12:57
stu_28,q8,,251,0,2026-08-18T10:12:58
stu_11,q10,None,22,0,2026-08-18T10:13:00
stu_21,q8,"for i in range(2, 11, 2):
    print(i)",308,0,2026-08-18T10:13:03
stu_4,q11,4,46,0,2026-08-18T10:13:08
stu_19,q9,10,56,0,2026-08-18T10:13:15
stu_13,q6,10,71,0,2026-08-18T10:13:18
stu_5,q8,"for i in range(2, 11, 2):
    print(i)",220,0,2026-08-18T10:13:20
stu_17,q12,"def is_even(n):
    return n % 2 == 0",359,0,2026-08-18T10:13:25
stu_21,q9,10,19,0,2026-08-18T10:13:27
stu_27,q11,4,57,0,2026-08-18T10:13:32
stu_18,q8,"for i in range(2, 11, 2):
    print(i)",175,0,2026-08-18T10:13:34
stu_15,q8,"for i in range(2, 11, 2):
    print(i)",349,0,2026-08-18T10:13:35
stu_13,q7,break,17,0,2026-08-18T10:13:41
stu_28,q9,5,54,0,2026-08-18T10:13:54
stu_5,q9,10,28,0,2026-08-18T10:13:57
stu_26,q11,4,59,0,2026-08-18T10:13:58
stu_19,q10,None,37,0,2026-08-18T10:13:59
stu_30,q11,None,117,0,2026-08-18T10:14:01
stu_21,q10,None,27,0,2026-08-18T10:14:02
stu_1,q8,"for i in range(2, 11, 2):
    print(i)",239,0,2026-08-18T10:14:06
stu_7,q8,"for i in range(2, 11, 2):
    print(i)",404,0,2026-08-18T10:14:06
stu_15,q9,5,25,0,2026-08-18T10:14:06
stu_29,q8,"for i in range(2, 11, 2):
    print(i)",325,0,2026-08-18T10:14:06
stu_18,q9,10,31,0,2026-08-18T10:14:14
stu_11,q11,4,75,0,2026-08-18T10:14:17
stu_7,q9,5,7,0,2026-08-18T10:14:18
stu_18,q10,None,21,0,2026-08-18T10:14:39
stu_28,q10,None,44,0,2026-08-18T10:14:42
stu_21,q11,4,33,0,2026-08-18T10:14:43
stu_29,q9,10,32,0,2026-08-18T10:14:46
stu_19,q11,4,45,0,2026-08-18T10:14:48
stu_22,q12,"def is_even(n):
    return n % 2 == 0",348,0,2026-08-18T10:14:50
stu_15,q10,None,42,0,2026-08-18T10:14:52
stu_5,q11,4,61,1,2026-08-18T10:15:00
stu_1,q9,7,55,0,2026-08-18T10:15:06
stu_14,q12,"def is_even(n):
    return n % 2 == 0",122,0,2026-08-18T10:15:07
stu_3,q8,"for i in range(10):
    if i % 2 == 0:
        print(i)",230,0,2026-08-18T10:15:09
stu_29,q10,None,24,0,2026-08-18T10:15:14
stu_3,q9,Error,7,0,2026-08-18T10:15:24
stu_15,q11,4,36,1,2026-08-18T10:15:33
stu_7,q10,None,76,0,2026-08-18T10:15:41
stu_23,q8,"for i in range(2, 11, 2):
    print(i)",318,0,2026-08-18T10:15:45
stu_18,q11,4,59,0,2026-08-18T10:15:47
stu_1,q10,None,34,0,2026-08-18T10:15:49
stu_25,q12,"def is_even(n):
    return n % 2 == 0",193,0,2026-08-18T10:15:50
stu_4,q12,"def is_even(n):
    return n % 2 == 0",160,0,2026-08-18T10:15:57
stu_2,q12,"def is_even(n):
    return n % 2 == 0",235,0,2026-08-18T10:16:12
stu_23,q9,7,25,0,2026-08-18T10:16:14
stu_29,q11,5,64,0,2026-08-18T10:16:23
stu_7,q11,4,44,0,2026-08-18T10:16:29
stu_5,q12,"def is_even(n):
    return n % 2 == 0",94,0,2026-08-18T10:16:40
stu_28,q11,Error,112,0,2026-08-18T10:16:43
stu_3,q10,0,73,0,2026-08-18T10:16:44
stu_1,q11,4,52,0,2026-08-18T10:16:50
stu_23,q10,None,33,0,2026-08-18T10:16:50
stu_26,q12,"def is_even(n):
    return n % 2 == 0",165,0,2026-08-18T10:16:51
stu_10,q12,"def is_even(n):
    return n % 2 == 0",387,0,2026-08-18T10:17:10
stu_13,q8,pass,242,0,2026-08-18T10:17:49
stu_3,q11,5,66,0,2026-08-18T10:17:54
stu_21,q12,"def is_even(n):
    return n % 2 == 0",205,0,2026-08-18T10:18:11
stu_13,q9,10,20,0,2026-08-18T10:18:12
stu_24,q8,"for i in range(2, 11, 2):
    print(i)",441,0,2026-08-18T10:18:14
stu_29,q12,"def is_even(n):
    return n % 2 == 0",130,0,2026-08-18T10:18:42
stu_23,q11,5,111,0,2026-08-18T10:18:44
stu_13,q10,None,28,0,2026-08-18T10:18:45
stu_24,q9,10,32,1,2026-08-18T10:18:51
stu_15,q12,"def is_even(n):
    return n % 2 == 0",196,0,2026-08-18T10:18:53
stu_27,q12,"def is_even(n):
    return n % 2 == 0",325,0,2026-08-18T10:19:05
stu_19,q12,"def is_even(n):
    return n % 2 == 0",256,0,2026-08-18T10:19:09
stu_18,q12,"def is_even(n):
    return n % 2 == 0",211,0,2026-08-18T10:19:22
stu_24,q10,None,24,0,2026-08-18T10:19:22
stu_16,q8,"for i in range(10):
    if i % 2 == 0:
        print(i)",449,0,2026-08-18T10:19:28
stu_13,q11, 4 ,56,0,2026-08-18T10:19:48
stu_24,q11,4,50,0,2026-08-18T10:20:20
stu_16,q9,5,49,1,2026-08-18T10:20:23
stu_11,q12,"def is_even(n):
    return n % 2 == 0",379,0,2026-08-18T10:20:41
stu_16,q10,None,32,0,2026-08-18T10:21:03
stu_3,q12,"def is_even(n):
    if n / 2 == 0:
        return True",224,1,2026-08-18T10:21:47
stu_16,q11,4,48,0,2026-08-18T10:21:53
stu_12,q8,,567,0,2026-08-18T10:22:10
stu_28,q12,"def is_even(n):
    return n % 2 == 0",333,1,2026-08-18T10:22:25
stu_12,q9,10,31,0,2026-08-18T10:22:43
stu_30,q12,"def is_even(n):
    return n % 2",524,1,2026-08-18T10:22:48
stu_7,q12,"def is_even(n):
    return n % 2 == 0",376,0,2026-08-18T10:22:49
stu_13,q12,"def is_even(n):
    return n % 2 == 0",205,0,2026-08-18T10:23:15
stu_12,q10,None,34,0,2026-08-18T10:23:20
stu_1,q12,"def is_even(n):
    return n == 2",398,0,2026-08-18T10:23:32
stu_24,q12,"def is_even(n):
    return n % 2 == 0",230,1,2026-08-18T10:24:19
stu_16,q12,"def is_even(n):
    return n % 2 == 0",200,0,2026-08-18T10:25:16
stu_12,q11,Error,120,1,2026-08-18T10:25:23
stu_23,q12,"def is_even(n):
    return n == 2",515,0,2026-08-18T10:27:28
stu_12,q12,"def is_even(n):
    return n % 2 == 0",169,0,2026-08-18T10:28:15
stu_29,q4,2nd_place,35,0,2026-08-22T15:49:38
stu_15,q1,int,41,0,2026-08-22T19:42:41
stu_30,q7,continue,24,0,2026-08-24T17:44:59
stu_18,q6,10,96,0,2026-08-24T17:59:54
stu_23,q12,"def is_even(n):
    return n == 2",240,0,2026-08-24T18:29:28
stu_23,q6,10,73,0,2026-08-27T14:35:56
stu_30,q9,5,43,0,2026-08-27T15:01:11
stu_24,q13,In the call stack frame,20,0,2026-09-08T10:00:56
stu_13,q13,In the call stack frame,65,0,2026-09-08T10:01:09
stu_24,q14,It is copied to the heap,10,0,2026-09-08T10:01:15
stu_13,q14,It is popped from the call stack,30,0,2026-09-08T10:01:43
stu_15,q13,In the call stack frame,19,0,2026-09-08T10:01:53
stu_15,q14,It is copied to the heap,5,0,2026-09-08T10:02:03
stu_10,q13,In the call stack frame,19,0,2026-09-08T10:02:12
stu_7,q14,It is popped from the call stack,37,0,2026-09-08T10:02:19
stu_4,q13,In the source file,35,0,2026-09-08T10:02:23
stu_13,q15,b,37,0,2026-09-08T10:02:25
stu_10,q14,It is popped from the call stack,18,0,2026-09-08T10:02:39
stu_13,q16,KeyError,8,0,2026-09-08T10:02:41
stu_6,q13,In the call stack frame,54,0,2026-09-08T10:03:03
stu_24,q15,main,102,0,2026-09-08T10:03:05
stu_26,q13,In the call stack frame,24,0,2026-09-08T10:03:06
stu_13,q17,A base case,24,0,2026-09-08T10:03:11
stu_7,q15,b,44,0,2026-09-08T10:03:12
stu_1,q13,In the global namespace,7,0,2026-09-08T10:03:14
stu_4,q14,It is popped from the call stack,49,0,2026-09-08T10:03:14
stu_11,q13,In the call stack frame,20,0,2026-09-08T10:03:14
stu_25,q13,In the call stack frame,19,0,2026-09-08T10:03:18
stu_15,q15,b,76,0,2026-09-08T10:03:27
stu_28,q13,In CPU registers only,57,0,2026-09-08T10:03:28
stu_6,q14,It stays until the program ends,31,0,2026-09-08T10:03:40
stu_23,q13,In the global namespace,6,0,2026-09-08T10:03:42
stu_2,q13,In the global namespace,8,0,2026-09-08T10:03:51
stu_24,q16,KeyError,42,0,2026-09-08T10:03:51
stu_26,q14,It is copied to the heap,45,0,2026-09-08T10:03:53
stu_1,q14,It is popped from the call stack,33,0,2026-09-08T10:03:54
stu_25,q14,It is popped from the call stack,36,0,2026-09-08T10:03:57
stu_11,q14,It is popped from the call stack,40,0,2026-09-08T10:04:02
stu_8,q13,In the call stack frame,24,0,2026-09-08T10:04:03
stu_15,q17,A global variable,38,0,2026-09-08T10:04:09
stu_7,q16,RecursionError,52,0,2026-09-08T10:04:11
stu_13,q18,10,53,0,2026-09-08T10:04:11
stu_28,q14,It is merged into the caller's frame,38,0,2026-09-08T10:04:11
stu_22,q13,In the call stack frame,24,0,2026-09-08T10:04:16
stu_24,q17,A global variable,23,1,2026-09-08T10:04:21
stu_22,q14,It stays until the program ends,7,0,2026-09-08T10:04:29
stu_6,q15,b,43,0,2026-09-08T10:04:30
stu_10,q15,b,105,0,2026-09-08T10:04:30
stu_11,q15,main,24,0,2026-09-08T10:04:33
stu_15,q18,24,18,0,2026-09-08T10:04:33
stu_2,q14,It is popped from the call stack,43,0,2026-09-08T10:04:37
stu_7,q18,120,32,0,2026-09-08T10:04:46
stu_24,q18,16,23,0,2026-09-08T10:04:46
stu_25,q15,b,45,0,2026-09-08T10:04:48
stu_27,q13,In the source file,76,0,2026-09-08T10:04:49
stu_26,q15,b,52,0,2026-09-08T10:04:50
stu_21,q13,In the global namespace,47,0,2026-09-08T10:04:52
stu_18,q13,In the global namespace,36,0,2026-09-08T10:04:56
stu_4,q15,b,94,0,2026-09-08T10:04:57
stu_28,q15,b,55,0,2026-09-08T10:05:11
stu_23,q14,It stays until the program ends,93,0,2026-09-08T10:05:17
stu_8,q15,main,73,0,2026-09-08T10:05:18
stu_15,q19,4,43,0,2026-09-08T10:05:20
stu_10,q16,RecursionError,47,0,2026-09-08T10:05:21
stu_25,q17,A base case,30,1,2026-09-08T10:05:22
stu_27,q14,It is popped from the call stack,27,0,2026-09-08T10:05:22
stu_11,q16,KeyError,47,0,2026-09-08T10:05:27
stu_18,q14,It is popped from the call stack,25,0,2026-09-08T10:05:29
stu_4,q16,KeyError,33,0,2026-09-08T10:05:32
stu_6,q16,KeyError,58,0,2026-09-08T10:05:33
stu_13,q19,4,77,0,2026-09-08T10:05:35
stu_26,q16,RecursionError,37,0,2026-09-08T10:05:35
stu_1,q15,b,98,0,2026-09-08T10:05:36
stu_24,q19,4,54,0,2026-09-08T10:05:47
stu_30,q13,In CPU registers only,30,0,2026-09-08T10:05:47
stu_8,q16,SyntaxError,21,0,2026-09-08T10:05:48
stu_11,q17,A base case,19,0,2026-09-08T10:05:48
stu_22,q15,a(),76,0,2026-09-08T10:05:52
stu_29,q13,In the call stack frame,27,0,2026-09-08T10:05:55
stu_25,q18,24,29,0,2026-09-08T10:05:57
stu_2,q15,b,74,0,2026-09-08T10:05:59
stu_7,q19,2,66,0,2026-09-08T10:05:59
stu_10,q17,A return type,32,0,2026-09-08T10:05:59
stu_21,q14,It is popped from the call stack,64,0,2026-09-08T10:05:59
stu_6,q17,A for loop,23,0,2026-09-08T10:06:01
stu_26,q17,A base case,32,0,2026-09-08T10:06:11
stu_4,q17,A base case,37,0,2026-09-08T10:06:12
stu_1,q16,RecursionError,38,0,2026-09-08T10:06:20
stu_20,q13,In the call stack frame,37,0,2026-09-08T10:06:20
stu_11,q18,24,30,1,2026-09-08T10:06:26
stu_14,q13,In the call stack frame,28,0,2026-09-08T10:06:26
stu_26,q18,10,10,0,2026-09-08T10:06:28
stu_2,q16,KeyError,23,0,2026-09-08T10:06:29
stu_18,q15,a(),53,0,2026-09-08T10:06:29
stu_19,q13,In the global namespace,52,0,2026-09-08T10:06:32
stu_27,q15,b,68,0,2026-09-08T10:06:32
stu_29,q14,It is popped from the call stack,33,0,2026-09-08T10:06:36
stu_10,q18,24,34,0,2026-09-08T10:06:37
stu_8,q17,A base case,50,0,2026-09-08T10:06:42
stu_28,q16,SyntaxError,82,0,2026-09-08T10:06:42
stu_30,q14,It is popped from the call stack,55,1,2026-09-08T10:06:49
stu_1,q17,A base case,26,0,2026-09-08T10:06:50
stu_4,q18,24,32,0,2026-09-08T10:06:50
stu_22,q16,RecursionError,51,0,2026-09-08T10:06:50
stu_20,q14,It is popped from the call stack,32,0,2026-09-08T10:06:57
stu_23,q16,SyntaxError,98,0,2026-09-08T10:06:59
stu_19,q14,It is popped from the call stack,23,0,2026-09-08T10:07:01
stu_9,q13,In the global namespace,38,0,2026-09-08T10:07:03
stu_16,q13,In the global namespace,61,0,2026-09-08T10:07:06
stu_18,q16,RecursionError,30,0,2026-09-08T10:07:07
stu_12,q14,It stays until the program ends,23,0,2026-09-08T10:07:10
stu_25,q19,4,65,0,2026-09-08T10:07:10
stu_6,q18,24,67,0,2026-09-08T10:07:11
stu_14,q14,It is copied to the heap,40,0,2026-09-08T10:07:11
stu_21,q15,b,65,0,2026-09-08T10:07:11
stu_28,q17,A base case,29,0,2026-09-08T10:07:14
stu_1,q18,24,21,1,2026-09-08T10:07:18
stu_8,q18,24,30,0,2026-09-08T10:07:20
stu_27,q16,SyntaxError,40,0,2026-09-08T10:07:20
stu_3,q13,In CPU registers only,68,0,2026-09-08T10:07:22
stu_23,q17,A base case,22,0,2026-09-08T10:07:23
stu_21,q16,KeyError,8,0,2026-09-08T10:07:26
stu_2,q17,A for loop,56,0,2026-09-08T10:07:33
stu_28,q18,16,12,0,2026-09-08T10:07:33
stu_26,q19,4,58,0,2026-09-08T10:07:34
stu_22,q17,A for loop,41,0,2026-09-08T10:07:35
stu_15,q20,pass,135,0,2026-09-08T10:07:39
stu_30,q15,a(),47,0,2026-09-08T10:07:40
stu_29,q15,b,59,0,2026-09-08T10:07:41
stu_20,q15,a,46,0,2026-09-08T10:07:50
stu_10,q19,4,74,0,2026-09-08T10:07:54
stu_3,q14,It is copied to the heap,28,0,2026-09-08T10:07:56
stu_14,q15,b,39,0,2026-09-08T10:07:59
stu_21,q17,A base case,27,0,2026-09-08T10:08:01
stu_27,q17,A base case,45,0,2026-09-08T10:08:08
stu_22,q18,24,27,0,2026-09-08T10:08:09
stu_2,q18,24,36,0,2026-09-08T10:08:13
stu_23,q18,24,42,0,2026-09-08T10:08:13
stu_1,q19,2,47,1,2026-09-08T10:08:14
stu_19,q15, b ,64,0,2026-09-08T10:08:14
stu_30,q16,KeyError,33,0,2026-09-08T10:08:19
stu_4,q19,4,86,0,2026-09-08T10:08:20
stu_16,q14,It stays until the program ends,72,0,2026-09-08T10:08:22
stu_20,q16,KeyError,30,0,2026-09-08T10:08:23
stu_29,q16,RecursionError,36,0,2026-09-08T10:08:23
stu_6,q19,4,65,0,2026-09-08T10:08:24
stu_11,q20,"def factorial(n):
    if n <= 1:
        return 1
    return n * factorial(n - 1)",110,0,2026-09-08T10:08:25
stu_9,q15, b ,85,0,2026-09-08T10:08:32
stu_18,q17,A for loop,80,0,2026-09-08T10:08:33
stu_19,q16,RecursionError,13,0,2026-09-08T10:08:33
stu_12,q15,b,78,0,2026-09-08T10:08:37
stu_20,q17,A return type,8,0,2026-09-08T10:08:38
stu_27,q18,120,23,0,2026-09-08T10:08:39
stu_14,q16,SyntaxError,38,0,2026-09-08T10:08:40
stu_19,q17,A base case,15,1,2026-09-08T10:08:52
stu_8,q19,4,89,0,2026-09-08T10:08:53
stu_21,q18,10,52,0,2026-09-08T10:08:56
stu_18,q18,24,24,0,2026-09-08T10:09:01
stu_3,q16,SyntaxError,65,1,2026-09-08T10:09:08
stu_29,q17,A base case,40,0,2026-09-08T10:09:11
stu_26,q20,"def factorial(n):
    if n <= 1:
        return 1
    return n * factorial(n - 1)",95,0,2026-09-08T10:09:12
stu_12,q16,RecursionError,30,0,2026-09-08T10:09:16
stu_20,q19,4,36,0,2026-09-08T10:09:16
stu_14,q17,A for loop,35,0,2026-09-08T10:09:21
stu_30,q17,A for loop,65,0,2026-09-08T10:09:27
stu_19,q18,24,31,0,2026-09-08T10:09:29
stu_28,q19,5,108,0,2026-09-08T10:09:30
stu_29,q18,24,18,0,2026-09-08T10:09:38
stu_2,q19,4,93,0,2026-09-08T10:09:48
stu_24,q20,pass,237,0,2026-09-08T10:09:48
stu_9,q16,KeyError,74,0,2026-09-08T10:09:51
stu_22,q19,5,100,0,2026-09-08T10:09:55
stu_23,q19,5,96,0,2026-09-08T10:09:56
stu_14,q19,4,37,0,2026-09-08T10:10:02
stu_30,q18,120,41,0,2026-09-08T10:10:11
stu_12,q17,A for loop,51,0,2026-09-08T10:10:15
stu_19,q19,4,37,0,2026-09-08T10:10:15
stu_3,q17,A return type,66,0,2026-09-08T10:10:17
stu_16,q15,a,113,0,2026-09-08T10:10:18
stu_25,q20,"def factorial(n):
    if n <= 1:
        return 1
    return n * factorial(n - 1)",183,0,2026-09-08T10:10:19
stu_9,q17,A base case,20,0,2026-09-08T10:10:20
stu_29,q19,4,38,0,2026-09-08T10:10:25
stu_27,q19,4,106,0,2026-09-08T10:10:34
stu_18,q19,4,98,0,2026-09-08T10:10:45
stu_10,q20,"def factorial(n):
    if n <= 1:
        return 1
    return n * factorial(n - 1)",165,0,2026-09-08T10:10:46
stu_16,q16,SyntaxError,31,0,2026-09-08T10:10:57
stu_9,q18,24,36,0,2026-09-08T10:11:02
stu_12,q18,24,47,0,2026-09-08T10:11:11
stu_3,q18,10,50,0,2026-09-08T10:11:15
stu_7,q20,"def factorial(n):
    return n * factorial(n - 1)",320,0,2026-09-08T10:11:23
stu_13,q20,"def factorial(n):
    if n <= 1:
        return 1
    return n * factorial(n - 1)",354,0,2026-09-08T10:11:31
stu_4,q20,"def factorial(n):
    if n <= 1:
        return 1
    return n * factorial(n - 1)",184,0,2026-09-08T10:11:32
stu_30,q19,3,78,0,2026-09-08T10:11:34
stu_16,q17,A for loop,44,0,2026-09-08T10:11:44
stu_1,q20,"def factorial(n):
    if n <= 1:
        return 1
    return n * factorial(n - 1)",216,0,2026-09-08T10:11:55
stu_6,q20,"def factorial(n):
    if n <= 1:
        return 1
    return n * factorial(n - 1)",217,0,2026-09-08T10:12:07
stu_22,q20,"def factorial(n):
    if n <= 1:
        return 1
    return n * factorial(n - 1)",155,0,2026-09-08T10:12:35
stu_12,q19,4,84,0,2026-09-08T10:12:44
stu_16,q18,16,59,0,2026-09-08T10:12:51
stu_9,q19,4,103,0,2026-09-08T10:12:53
stu_14,q20,"def factorial(n):
    if n <= 1:
        return 1
    return n * factorial(n - 1)",194,0,2026-09-08T10:13:22
stu_27,q20,"def factorial(n):
    result = 1
    for i in range(n):
        result *= i
    return result",178,0,2026-09-08T10:13:38
stu_3,q19,2,138,1,2026-09-08T10:13:40
stu_8,q20,"def factorial(n):
    if n <= 1:
        return 1
    return n * factorial(n - 1)",286,0,2026-09-08T10:13:48
stu_21,q20,"def factorial(n):
    if n <= 1:
        return 1
    return n * factorial(n - 1)",287,0,2026-09-08T10:13:48
stu_2,q20,"def factorial(n):
    if n <= 1:
        return 1
    return n * factorial(n - 1)",277,0,2026-09-08T10:14:30
stu_12,q20,"def factorial(n):
    result = 1
    for i in range(n):
        result *= i
    return result",185,0,2026-09-08T10:15:54
stu_16,q19,2,180,1,2026-09-08T10:15:54
stu_23,q20,pass,362,0,2026-09-08T10:16:04
stu_9,q20,"def factorial(n):
    if n <= 1:
        return 1
    return n * factorial(n - 1)",189,0,2026-09-08T10:16:06
stu_29,q20,"def factorial(n):
    if n <= 1:
        return 1
    return n * factorial(n - 1)",360,0,2026-09-08T10:16:28
stu_3,q20,"def factorial(n):
    return n * factorial(n - 1)",212,0,2026-09-08T10:17:19
stu_30,q20,pass,419,0,2026-09-08T10:18:42
stu_16,q20,"def factorial(n):
    return n * factorial(n - 1)",186,0,2026-09-08T10:19:05
stu_20,q20,pass,600,0,2026-09-08T10:19:22
stu_21,q13,In the call stack frame,29,0,2026-09-12T15:00:52
stu_8,q16,RecursionError,35,0,2026-09-12T20:03:48
stu_28,q18,120,42,0,2026-09-13T19:26:33
stu_12,q20,"def factorial(n):
    if n == 0:
        return 0
    return n * factorial(n - 1)",399,0,2026-09-14T17:14:54
stu_21,q16,RecursionError,23,0,2026-09-14T18:54:26
stu_16,q14,It is popped from the call stack,58,0,2026-09-15T14:09:22
stu_24,q18,24,20,0,2026-09-15T17:49:46
stu_16,q19,4,88,0,2026-09-16T15:50:54
stu_7,q20,"def factorial(n):
    if n <= 1:
        return 1
    return n * factorial(n - 1)",137,0,2026-09-16T17:51:23
stu_28,q16,SyntaxError,46,0,2026-09-17T15:24:42
stu_1,q21,Results of earlier function calls,17,0,2026-09-29T10:00:54
stu_6,q21,Results of earlier function calls,34,0,2026-09-29T10:01:12
stu_7,q22,functools.lru_cache,46,0,2026-09-29T10:01:22
stu_5,q21,The source code of the function,21,0,2026-09-29T10:01:30
stu_1,q22,os.path,43,0,2026-09-29T10:01:41
stu_9,q21,Only error messages,7,0,2026-09-29T10:01:44
stu_17,q21,Results of earlier function calls,26,0,2026-09-29T10:01:49
stu_5,q22,functools.lru_cache,19,0,2026-09-29T10:01:51
stu_26,q21,Results of earlier function calls,54,0,2026-09-29T10:01:54
stu_6,q22,functools.lru_cache,40,1,2026-09-29T10:01:55
stu_27,q21,Results of earlier function calls,54,0,2026-09-29T10:01:57
stu_26,q22,functools.lru_cache,18,0,2026-09-29T10:02:15
stu_4,q21,Results of earlier function calls,41,0,2026-09-29T10:02:16
stu_9,q22,functools.lru_cache,36,0,2026-09-29T10:02:28
stu_27,q22,functools.lru_cache,29,0,2026-09-29T10:02:32
stu_17,q22,functools.lru_cache,42,0,2026-09-29T10:02:35
stu_1,q23,31,53,0,2026-09-29T10:02:38
stu_25,q21,Results of earlier function calls,16,0,2026-09-29T10:02:43
stu_15,q21,Names of all variables,74,0,2026-09-29T10:02:50
stu_7,q23,31,88,0,2026-09-29T10:02:52
stu_6,q23,31,65,0,2026-09-29T10:03:02
stu_27,q23,29,33,0,2026-09-29T10:03:09
stu_2,q21,Results of earlier function calls,32,1,2026-09-29T10:03:12
stu_25,q22,functools.lru_cache,29,0,2026-09-29T10:03:17
stu_5,q23,29,86,0,2026-09-29T10:03:19
stu_9,q23,31,48,0,2026-09-29T10:03:19
stu_13,q21,Results of earlier function calls,49,0,2026-09-29T10:03:19
stu_23,q21,The source code of the function,49,0,2026-09-29T10:03:19
stu_15,q22,functools.lru_cache,29,0,2026-09-29T10:03:21
stu_10,q21,Results of earlier function calls,25,0,2026-09-29T10:03:28
stu_17,q23,31,50,0,2026-09-29T10:03:34
stu_4,q22,os.path,80,0,2026-09-29T10:03:43
stu_10,q22,functools.lru_cache,15,0,2026-09-29T10:03:47
stu_26,q23,29,85,0,2026-09-29T10:03:48
stu_23,q22,functools.lru_cache,28,1,2026-09-29T10:03:54
stu_25,q23,31,50,0,2026-09-29T10:04:10
stu_18,q21,Results of earlier function calls,40,0,2026-09-29T10:04:24
stu_21,q21,Results of earlier function calls,47,0,2026-09-29T10:04:26
stu_2,q22,functools.lru_cache,68,0,2026-09-29T10:04:29
stu_15,q23,31,70,0,2026-09-29T10:04:38
stu_4,q23,31,51,0,2026-09-29T10:04:41
stu_13,q23,31,77,0,2026-09-29T10:04:43
stu_28,q22,itertools.chain,46,0,2026-09-29T10:04:54
stu_21,q22,functools.lru_cache,24,0,2026-09-29T10:04:56
stu_3,q21,Names of all variables,51,0,2026-09-29T10:04:57
stu_18,q22,functools.lru_cache,30,0,2026-09-29T10:04:59
stu_8,q21,Results of earlier function calls,21,0,2026-09-29T10:05:05
stu_11,q21,Results of earlier function calls,51,0,2026-09-29T10:05:15
stu_23,q23,29,77,0,2026-09-29T10:05:15
stu_29,q21,Results of earlier function calls,46,0,2026-09-29T10:05:21
stu_24,q21,The source code of the function,24,0,2026-09-29T10:05:24
stu_30,q21,Only error messages,61,0,2026-09-29T10:05:28
stu_3,q22,itertools.chain,42,1,2026-09-29T10:05:41
stu_1,q24,"def fib(n, memo={}):
    if n <= 1:
        return n
    memo[n] = fib(n - 1) + fib(n - 2)
    return memo[n]",186,0,2026-09-29T10:05:50
stu_18,q23,31,49,0,2026-09-29T10:05:55
stu_24,q22,functools.lru_cache,26,0,2026-09-29T10:05:55
stu_30,q22,random.seed,24,0,2026-09-29T10:05:55
stu_28,q23,60,58,0,2026-09-29T10:05:57
stu_11,q22,itertools.chain,35,0,2026-09-29T10:05:58
stu_21,q23,31,62,0,2026-09-29T10:06:00
stu_29,q22,functools.lru_cache,33,0,2026-09-29T10:06:00
stu_12,q21,The source code of the function,22,0,2026-09-29T10:06:01
stu_8,q22,functools.lru_cache,51,0,2026-09-29T10:06:04
stu_20,q21,The source code of the function,26,0,2026-09-29T10:06:08
stu_14,q21,Only error messages,42,0,2026-09-29T10:06:20
stu_19,q21,Results of earlier function calls,38,1,2026-09-29T10:06:21
stu_22,q21,Names of all variables,10,0,2026-09-29T10:06:25
stu_9,q24,"def fib(n, memo={}):
    if n in memo:
        return memo[n]
    if n <= 1:
        return n
    memo[n] = fib(n - 1, memo) + fib(n - 2, memo)
    return memo[n]",179,1,2026-09-29T10:06:26
stu_8,q23,31,34,0,2026-09-29T10:06:41
stu_22,q22,random.seed,8,0,2026-09-29T10:06:41
stu_20,q22,functools.lru_cache,26,0,2026-09-29T10:06:42
stu_1,q25,Recursion and a loop,53,0,2026-09-29T10:06:47
stu_12,q22,functools.lru_cache,48,0,2026-09-29T10:06:57
stu_19,q22,os.path,35,0,2026-09-29T10:06:58
stu_9,q25,A graph and positive weights,32,0,2026-09-29T10:07:04
stu_14,q22,functools.lru_cache,37,0,2026-09-29T10:07:04
stu_2,q23,31,153,1,2026-09-29T10:07:08
stu_11,q23,31,65,0,2026-09-29T10:07:08
stu_30,q23,30,64,0,2026-09-29T10:07:08
stu_16,q21,The source code of the function,49,0,2026-09-29T10:07:20
stu_10,q24,"def fib(n, memo={}):
    if n in memo:
        return memo[n]
    if n <= 1:
        return n
    memo[n] = fib(n - 1, memo) + fib(n - 2, memo)
    return memo[n]",211,0,2026-09-29T10:07:26
stu_3,q23,30,103,0,2026-09-29T10:07:27
stu_13,q24,"def fib(n, memo={}):
    if n in memo:
        return memo[n]
    if n <= 1:
        return n
    memo[n] = fib(n - 1, memo) + fib(n - 2, memo)
    return memo[n]",167,0,2026-09-29T10:07:36
stu_29,q23,31,89,1,2026-09-29T10:07:38
stu_9,q27,O(n),30,0,2026-09-29T10:07:40
stu_25,q24,"def fib(n, memo={}):
    if n in memo:
        return memo[n]
    if n <= 1:
        return n
    memo[n] = fib(n - 1, memo) + fib(n - 2, memo)
    return memo[n]",209,0,2026-09-29T10:07:43
stu_6,q24,"def fib(n, memo={}):
    if n in memo:
        return memo[n]
    if n <= 1:
        return n
    memo[n] = fib(n - 1, memo) + fib(n - 2, memo)
    return memo[n]",283,0,2026-09-29T10:07:47
stu_24,q23,60,108,0,2026-09-29T10:07:47
stu_12,q23,31,43,0,2026-09-29T10:07:48
stu_1,q26,5,59,0,2026-09-29T10:07:52
stu_16,q22,os.path,32,0,2026-09-29T10:08:00
stu_14,q23,31,63,0,2026-09-29T10:08:10
stu_20,q23,60,88,0,2026-09-29T10:08:13
stu_13,q25,Overlapping subproblems and optimal substructure,33,0,2026-09-29T10:08:16
stu_10,q25,Recursion and a loop,51,0,2026-09-29T10:08:19
stu_7,q24,"def fib(n, memo={}):
    return memo[n]",319,0,2026-09-29T10:08:20
stu_1,q27,O(2^n),22,0,2026-09-29T10:08:22
stu_19,q23,31,79,0,2026-09-29T10:08:26
stu_22,q23,31,106,0,2026-09-29T10:08:31
stu_24,q25,Overlapping subproblems and optimal substructure,38,1,2026-09-29T10:08:31
stu_7,q25,Overlapping subproblems and optimal substructure,26,0,2026-09-29T10:08:54
stu_6,q26,5,64,0,2026-09-29T10:08:56
stu_25,q25,Sorted input and unique keys,68,0,2026-09-29T10:08:56
stu_4,q24,"def fib(n, memo={}):
    return memo[n]",252,0,2026-09-29T10:09:02
stu_13,q26,5,44,0,2026-09-29T10:09:05
stu_27,q24,"def fib(n, memo={}):
    return memo[n]",365,0,2026-09-29T10:09:21
stu_15,q24,pass,284,0,2026-09-29T10:09:29
stu_7,q26,5,35,0,2026-09-29T10:09:31
stu_4,q25,Overlapping subproblems and optimal substructure,21,0,2026-09-29T10:09:32
stu_13,q27,O(n),22,0,2026-09-29T10:09:34
stu_26,q24,pass,339,0,2026-09-29T10:09:35
stu_11,q24,"def fib(n, memo={}):
    return memo[n]",142,0,2026-09-29T10:09:36
stu_10,q26,5,81,0,2026-09-29T10:09:46
stu_18,q24,"def fib(n, memo={}):
    if n in memo:
        return memo[n]
    if n <= 1:
        return n
    memo[n] = fib(n - 1, memo) + fib(n - 2, memo)
    return memo[n]",225,0,2026-09-29T10:09:47
stu_21,q24,"def fib(n, memo={}):
    if n <= 1:
        return n
    memo[n] = fib(n - 1) + fib(n - 2)
    return memo[n]",232,0,2026-09-29T10:09:54
stu_27,q25,A graph and positive weights,31,0,2026-09-29T10:09:54
stu_24,q26,4,88,0,2026-09-29T10:10:01
stu_25,q26,8,61,0,2026-09-29T10:10:04
stu_7,q27,O(n),28,0,2026-09-29T10:10:06
stu_4,q26,8,47,0,2026-09-29T10:10:21
stu_16,q23,60,133,1,2026-09-29T10:10:21
stu_5,q24,"def fib(n, memo={}):
    if n <= 1:
        return n
    memo[n] = fib(n - 1) + fib(n - 2)
    return memo[n]",416,0,2026-09-29T10:10:23
stu_15,q25,A graph and positive weights,50,0,2026-09-29T10:10:25
stu_11,q25,A graph and positive weights,50,0,2026-09-29T10:10:28
stu_10,q27,O(n),47,0,2026-09-29T10:10:35
stu_21,q25,Overlapping subproblems and optimal substructure,38,1,2026-09-29T10:10:36
stu_3,q24,,187,0,2026-09-29T10:10:39
stu_11,q27,O(2^n),8,0,2026-09-29T10:10:42
stu_5,q25,Overlapping subproblems and optimal substructure,17,0,2026-09-29T10:10:44
stu_26,q25,Overlapping subproblems and optimal substructure,65,0,2026-09-29T10:10:46
stu_18,q25,A graph and positive weights,56,0,2026-09-29T10:10:47
stu_24,q27,O(2^n),42,0,2026-09-29T10:10:47
stu_25,q27,O(n),43,0,2026-09-29T10:10:54
stu_4,q27,O(log n),30,0,2026-09-29T10:10:55
stu_27,q26,5,67,0,2026-09-29T10:11:05
stu_28,q24,"def fib(n, memo={}):
    if n <= 1:
        return n
    memo[n] = fib(n - 1) + fib(n - 2)
    return memo[n]",303,0,2026-09-29T10:11:07
stu_15,q26,5,45,0,2026-09-29T10:11:19
stu_18,q26,6,38,0,2026-09-29T10:11:29
stu_5,q26,5,42,0,2026-09-29T10:11:32
stu_9,q28,"def climb(n):
    if n <= 2:
        return n
    return climb(n - 1) + climb(n - 2)",234,0,2026-09-29T10:11:37
stu_23,q24,,380,0,2026-09-29T10:11:37
stu_2,q24,"def fib(n, memo={}):
    if n in memo:
        return memo[n]
    if n <= 1:
        return n
    memo[n] = fib(n - 1, memo) + fib(n - 2, memo)
    return memo[n]",265,0,2026-09-29T10:11:42
stu_27,q27,O(n),32,0,2026-09-29T10:11:42
stu_3,q25,Sorted input and unique keys,58,0,2026-09-29T10:11:45
stu_15,q27,O(n),27,0,2026-09-29T10:11:52
stu_21,q26,5,71,0,2026-09-29T10:11:56
stu_1,q28,"def climb(n):
    dp = [0] * n
    for i in range(n):
        dp[i] = dp[i - 1] + dp[i - 2]
    return dp[-1]",213,0,2026-09-29T10:11:58
stu_3,q27,O(2^n),28,1,2026-09-29T10:12:15
stu_18,q27,O(2^n),46,0,2026-09-29T10:12:23
stu_20,q24,"def fib(n, memo={}):
    if n <= 1:
        return n
    memo[n] = fib(n - 1) + fib(n - 2)
    return memo[n]",247,0,2026-09-29T10:12:26
stu_28,q26,5,79,1,2026-09-29T10:12:28
stu_23,q25,Sorted input and unique keys,49,0,2026-09-29T10:12:29
stu_21,q27,O(n),41,0,2026-09-29T10:12:41
stu_17,q24,pass,539,0,2026-09-29T10:12:42
stu_14,q24,"def fib(n, memo={}):
    return memo[n]",275,1,2026-09-29T10:12:47
stu_2,q25,Sorted input and unique keys,63,0,2026-09-29T10:12:53
stu_22,q24,"def fib(n):
    if n <= 1:
        return n
    return fib(n - 1) + fib(n - 2)",259,0,2026-09-29T10:12:57
stu_14,q25,Recursion and a loop,9,0,2026-09-29T10:13:05
stu_30,q24,,355,0,2026-09-29T10:13:06
stu_26,q26,4,139,0,2026-09-29T10:13:14
stu_29,q24,"def fib(n, memo={}):
    if n <= 1:
        return n
    memo[n] = fib(n - 1) + fib(n - 2)
    return memo[n]",340,0,2026-09-29T10:13:20
stu_28,q27,O(log n),45,0,2026-09-29T10:13:22
stu_20,q25,Sorted input and unique keys,60,0,2026-09-29T10:13:30
stu_17,q25,Overlapping subproblems and optimal substructure,48,0,2026-09-29T10:13:32
stu_2,q26,6,32,0,2026-09-29T10:13:34
stu_22,q25,A graph and positive weights,38,1,2026-09-29T10:13:42
stu_30,q25,Overlapping subproblems and optimal substructure,31,1,2026-09-29T10:13:42
stu_29,q25,Overlapping subproblems and optimal substructure,34,1,2026-09-29T10:13:58
stu_16,q24,"def fib(n, memo={}):
    if n in memo:
        return memo[n]
    if n <= 1:
        return n
    memo[n] = fib(n - 1, memo) + fib(n - 2, memo)
    return memo[n]",210,0,2026-09-29T10:13:59
stu_25,q28,"def climb(n):
    if n <= 2:
        return n
    dp = [0] * (n + 1)
    dp[1], dp[2] = 1, 2
    for i in range(3, n + 1):
        dp[i] = dp[i - 1] + dp[i - 2]
    return dp[n]",188,0,2026-09-29T10:14:05
stu_23,q26,6,96,0,2026-09-29T10:14:07
stu_24,q28,"def climb(n):
    dp = [0] * n
    for i in range(n):
        dp[i] = dp[i - 1] + dp[i - 2]
    return dp[-1]",208,0,2026-09-29T10:14:17
stu_26,q27,O(n),56,0,2026-09-29T10:14:18
stu_14,q26,6,72,0,2026-09-29T10:14:19
stu_15,q28,"def climb(n):
    dp = [0] * n
    for i in range(n):
        dp[i] = dp[i - 1] + dp[i - 2]
    return dp[-1]",160,0,2026-09-29T10:14:35
stu_2,q27,O(2^n),59,0,2026-09-29T10:14:41
stu_14,q27,O(n),19,0,2026-09-29T10:14:45
stu_13,q28,"def climb(n):
    return n",309,0,2026-09-29T10:14:46
stu_16,q25,Recursion and a loop,46,0,2026-09-29T10:14:47
stu_23,q27,O(n),35,0,2026-09-29T10:14:47
stu_22,q27,O(2^n),63,0,2026-09-29T10:14:49
stu_29,q27,O(2^n),43,0,2026-09-29T10:14:50
stu_19,q24,"def fib(n, memo={}):
    if n in memo:
        return memo[n]
    if n <= 1:
        return n
    memo[n] = fib(n - 1, memo) + fib(n - 2, memo)
    return memo[n]",376,0,2026-09-29T10:14:51
stu_5,q28,"def climb(n):
    if n <= 2:
        return n
    dp = [0] * (n + 1)
    dp[1], dp[2] = 1, 2
    for i in range(3, n + 1):
        dp[i] = dp[i - 1] + dp[i - 2]
    return dp[n]",214,0,2026-09-29T10:15:08
stu_17,q26,5,95,0,2026-09-29T10:15:09
stu_20,q26,4,98,0,2026-09-29T10:15:11
stu_4,q28,"def climb(n):
    if n <= 2:
        return n
    return climb(n - 1) + climb(n - 2)",250,0,2026-09-29T10:15:14
stu_30,q26,6,104,1,2026-09-29T10:15:34
stu_6,q28,"def climb(n):
    if n <= 2:
        return n
    dp = [0] * (n + 1)
    dp[1], dp[2] = 1, 2
    for i in range(3, n + 1):
        dp[i] = dp[i - 1] + dp[i - 2]
    return dp[n]",401,0,2026-09-29T10:15:40
stu_17,q27,O(n),23,0,2026-09-29T10:15:40
stu_11,q28,"def climb(n):
    if n <= 2:
        return n
    dp = [0] * (n + 1)
    dp[1], dp[2] = 1, 2
    for i in range(3, n + 1):
        dp[i] = dp[i - 1] + dp[i - 2]
    return dp[n]",298,0,2026-09-29T10:15:48
stu_20,q27,O(2^n),56,0,2026-09-29T10:16:15
stu_30,q27,O(2^n),41,1,2026-09-29T10:16:20
stu_16,q26,8,87,0,2026-09-29T10:16:22
stu_18,q28,"def climb(n):
    if n <= 2:
        return n
    dp = [0] * (n + 1)
    dp[1], dp[2] = 1, 2
    for i in range(3, n + 1):
        dp[i] = dp[i - 1] + dp[i - 2]
    return dp[n]",234,0,2026-09-29T10:16:25
stu_19,q26,6,106,0,2026-09-29T10:16:44
stu_19,q27,O(n),21,0,2026-09-29T10:17:07
stu_7,q28,"def climb(n):
    if n <= 2:
        return n
    dp = [0] * (n + 1)
    dp[1], dp[2] = 1, 2
    for i in range(3, n + 1):
        dp[i] = dp[i - 1] + dp[i - 2]
    return dp[n]",417,0,2026-09-29T10:17:09
stu_16,q27,O(n^2),62,0,2026-09-29T10:17:29
stu_22,q28,"def climb(n):
    if n <= 2:
        return n
    dp = [0] * (n + 1)
    dp[1], dp[2] = 1, 2
    for i in range(3, n + 1):
        dp[i] = dp[i - 1] + dp[i - 2]
    return dp[n]",168,0,2026-09-29T10:17:44
stu_17,q28,"def climb(n):
    if n <= 2:
        return n
    dp = [0] * (n + 1)
    dp[1], dp[2] = 1, 2
    for i in range(3, n + 1):
        dp[i] = dp[i - 1] + dp[i - 2]
    return dp[n]",122,0,2026-09-29T10:17:50
stu_27,q28,"def climb(n):
    dp = [0] * n
    for i in range(n):
        dp[i] = dp[i - 1] + dp[i - 2]
    return dp[-1]",378,0,2026-09-29T10:18:07
stu_14,q28,"def climb(n):
    if n <= 2:
        return n
    dp = [0] * (n + 1)
    dp[1], dp[2] = 1, 2
    for i in range(3, n + 1):
        dp[i] = dp[i - 1] + dp[i - 2]
    return dp[n]",201,0,2026-09-29T10:18:14
stu_3,q28,"def climb(n):
    return n",362,0,2026-09-29T10:18:20
stu_29,q28,"def climb(n):
    if n <= 2:
        return n
    dp = [0] * (n + 1)
    dp[1], dp[2] = 1, 2
    for i in range(3, n + 1):
        dp[i] = dp[i - 1] + dp[i - 2]
    return dp[n]",215,0,2026-09-29T10:18:32
stu_23,q28,"def climb(n):
    if n <= 2:
        return n
    return climb(n - 1) + climb(n - 2)",222,0,2026-09-29T10:18:36
stu_26,q28,"def climb(n):
    if n <= 2:
        return n
    dp = [0] * (n + 1)
    dp[1], dp[2] = 1, 2
    for i in range(3, n + 1):
        dp[i] = dp[i - 1] + dp[i - 2]
    return dp[n]",253,0,2026-09-29T10:18:36
stu_28,q28,"def climb(n):
    return n",327,0,2026-09-29T10:18:54
stu_21,q28,"def climb(n):
    if n <= 2:
        return n
    dp = [0] * (n + 1)
    dp[1], dp[2] = 1, 2
    for i in range(3, n + 1):
        dp[i] = dp[i - 1] + dp[i - 2]
    return dp[n]",406,0,2026-09-29T10:19:36
stu_8,q24,"def fib(n, memo={}):
    if n <= 1:
        return n
    memo[n] = fib(n - 1) + fib(n - 2)
    return memo[n]",798,0,2026-09-29T10:20:06
stu_8,q25,Sorted input and unique keys,9,0,2026-09-29T10:20:20
stu_12,q24,,774,0,2026-09-29T10:20:46
stu_16,q28,"def climb(n):
    if n <= 2:
        return n
    dp = [0] * (n + 1)
    dp[1], dp[2] = 1, 2
    for i in range(3, n + 1):
        dp[i] = dp[i - 1] + dp[i - 2]
    return dp[n]",204,0,2026-09-29T10:20:55
stu_12,q25,A graph and positive weights,29,0,2026-09-29T10:21:19
stu_12,q26,4,38,0,2026-09-29T10:22:03
stu_8,q26,8,102,1,2026-09-29T10:22:08
stu_2,q28,"def climb(n):
    if n <= 2:
        return n
    return climb(n - 1) + climb(n - 2)",443,1,2026-09-29T10:22:13
stu_12,q27,O(2^n),18,0,2026-09-29T10:22:26
stu_8,q27,O(n),23,0,2026-09-29T10:22:34
stu_30,q28,"def climb(n):
    if n <= 2:
        return n
    return climb(n - 1) + climb(n - 2)",537,0,2026-09-29T10:25:19
stu_19,q28,"def climb(n):
    if n <= 2:
        return n
    return climb(n - 1) + climb(n - 2)",502,0,2026-09-29T10:25:38
stu_12,q28,,221,0,2026-09-29T10:26:10
stu_20,q28,pass,589,0,2026-09-29T10:26:11
stu_8,q28,"def climb(n):
    return n",299,0,2026-09-29T10:27:38
stu_14,q24,"def fib(n, memo={}):
    if n in memo:
        return memo[n]
    if n <= 1:
        return n
    memo[n] = fib(n - 1, memo) + fib(n - 2, memo)
    return memo[n]",337,0,2026-10-03T15:32:47
stu_27,q23,31,85,0,2026-10-03T16:01:09
stu_12,q28,"def climb(n):
    dp = [0] * n
    for i in range(n):
        dp[i] = dp[i - 1] + dp[i - 2]
    return dp[-1]",205,0,2026-10-03T16:02:10
stu_22,q25,Overlapping subproblems and optimal substructure,39,0,2026-10-03T16:30:42
stu_4,q26,5,63,0,2026-10-03T16:52:21
stu_15,q25,Overlapping subproblems and optimal substructure,28,0,2026-10-04T15:10:25
stu_27,q28,"def climb(n):
    if n <= 2:
        return n
    dp = [0] * (n + 1)
    dp[1], dp[2] = 1, 2
    for i in range(3, n + 1):
        dp[i] = dp[i - 1] + dp[i - 2]
    return dp[n]",200,0,2026-10-05T18:17:07
stu_21,q24,"def fib(n, memo={}):
    if n in memo:
        return memo[n]
    if n <= 1:
        return n
    memo[n] = fib(n - 1, memo) + fib(n - 2, memo)
    return memo[n]",162,0,2026-10-05T19:22:54
stu_9,q25,Overlapping subproblems and optimal substructure,41,0,2026-10-06T15:05:04
stu_11,q22,functools.lru_cache,30,0,2026-10-06T19:40:58
stu_23,q28,"def climb(n):
    return n",358,0,2026-10-07T16:29:36
stu_30,q22,itertools.chain,68,0,2026-10-07T19:43:55
stu_7,q24,"def fib(n, memo={}):
    if n in memo:
        return memo[n]
    if n <= 1:
        return n
    memo[n] = fib(n - 1, memo) + fib(n - 2, memo)
    return memo[n]",303,0,2026-10-08T14:18:20
stu_2,q27,O(2^n),43,0,2026-10-08T16:57:41
